{
    "polygon_points": [
        [
            4.0,
            0.0
        ],
        [
            3.464101615137755,
            1.9999999999999998
        ],
        [
            2.0000000000000004,
            3.4641016151377544
        ],
        [
            2.4492935982947064e-16,
            4.0
        ],
        [
            -1.9999999999999991,
            3.464101615137755
        ],
        [
            -3.464101615137754,
            2.0000000000000013
        ],
        [
            -4.0,
            4.898587196589413e-16
        ],
        [
            -3.4641016151377553,
            -1.999999999999999
        ],
        [
            -2.0000000000000018,
            -3.464101615137754
        ],
        [
            -7.347880794884119e-16,
            -4.0
        ],
        [
            1.9999999999999973,
            -3.464101615137756
        ],
        [
            3.4641016151377535,
            -2.0000000000000018
        ]
    ],
    "level_height": 0.04,
    "levels_num": 2,
    "square_size": 1617,
    "human_capacity": 1100,
    "territory_type": "shool",
    "has_junior": true,
    "has_junior_hight_connection": true,
    "has_junior_assembly_hall": true,
    "has_junior_dining_room": true,
    "has_junior_gym": true,
    "has_swimming_pool": true,
    "has_volleyball_court": true,
    "has_basketball_court": false,
    "has_addition_sport_squate": false,
    "has_relax_zone": false,
    "has_addtional_ground_zone": false
}