{
    "polygon_points": [
        [
            3.0,
            0.0
        ],
        [
            2.598076211353316,
            1.4999999999999998
        ],
        [
            1.5000000000000004,
            2.598076211353316
        ],
        [
            1.8369701987210297e-16,
            3.0
        ],
        [
            -1.4999999999999993,
            2.598076211353316
        ],
        [
            -2.5980762113533156,
            1.5000000000000009
        ],
        [
            -3.0,
            3.6739403974420594e-16
        ],
        [
            -2.5980762113533165,
            -1.4999999999999991
        ],
        [
            -1.5000000000000013,
            -2.5980762113533156
        ],
        [
            -5.51091059616309e-16,
            -3.0
        ],
        [
            1.499999999999998,
            -2.598076211353317
        ],
        [
            2.598076211353315,
            -1.5000000000000013
        ]
    ],
    "level_height": 0.04,
    "levels_num": 2,
    "square_size": 1617,
    "human_capacity": 1100,
    "territory_type": "shool",
    "has_junior": true,
    "has_junior_hight_connection": true,
    "has_junior_assembly_hall": true,
    "has_junior_dining_room": true,
    "has_junior_gym": true,
    "has_swimming_pool": true,
    "has_volleyball_court": true,
    "has_basketball_court": false,
    "has_addition_sport_squate": false,
    "has_relax_zone": false,
    "has_addtional_ground_zone": false
}