{
    "polygon_points": [
        [
            1.6,
            0.0
        ],
        [
            1.385640646055102,
            0.7999999999999999
        ],
        [
            0.8000000000000003,
            1.3856406460551018
        ],
        [
            9.797174393178826e-17,
            1.6
        ],
        [
            -0.7999999999999997,
            1.385640646055102
        ],
        [
            -1.3856406460551016,
            0.8000000000000006
        ],
        [
            -1.6,
            1.9594348786357652e-16
        ],
        [
            -1.3856406460551023,
            -0.7999999999999996
        ],
        [
            -0.8000000000000007,
            -1.3856406460551016
        ],
        [
            -2.9391523179536476e-16,
            -1.6
        ],
        [
            0.7999999999999989,
            -1.3856406460551025
        ],
        [
            1.3856406460551014,
            -0.8000000000000007
        ]
    ],
    "level_height": 1,
    "levels_num": 2,
    "square_size": 1617,
    "human_capacity": 1100,
    "territory_type": "shool",
    "has_junior": true,
    "has_junior_hight_connection": true,
    "has_junior_assembly_hall": true,
    "has_junior_dining_room": true,
    "has_junior_gym": true,
    "has_swimming_pool": true,
    "has_volleyball_court": true,
    "has_basketball_court": false,
    "has_addition_sport_squate": false,
    "has_relax_zone": false,
    "has_addtional_ground_zone": false
}